{"cameraMode":{"drawMode":0,"name":"Shaded","section":"Shading Mode"},"sceneLighting":false,"audioPlay":false,"sceneViewState":{"showFog":true,"showMaterialUpdate":false,"showSkybox":false,"showFlares":true,"showImageEffects":true,"showParticleSystems":true},"in2DMode":false,"pivot":{"x":-0.000044345855712890625,"y":0.8659465909004211,"z":0.10000000149011612},"rotation":{"x":0.21041426062583924,"y":-0.5953161120414734,"z":0.16533146798610688,"w":0.7576256990432739},"size":1.049999475479126,"orthographic":false}