{"cameraMode":{"drawMode":0,"name":"Shaded","section":"Shading Mode"},"sceneLighting":false,"audioPlay":false,"sceneViewState":{"showFog":true,"showMaterialUpdate":false,"showSkybox":false,"showFlares":true,"showImageEffects":true,"showParticleSystems":true},"in2DMode":false,"pivot":{"x":0.00965084321796894,"y":-0.10181516408920288,"z":-0.04019421339035034},"rotation":{"x":0.04979841038584709,"y":-0.6994335055351257,"z":0.0489681214094162,"w":0.7112813591957092},"size":0.6375635862350464,"orthographic":true}