{"cameraMode":{"drawMode":0,"name":"Shaded","section":"Shading Mode"},"sceneLighting":false,"audioPlay":false,"sceneViewState":{"showFog":true,"showMaterialUpdate":false,"showSkybox":false,"showFlares":true,"showImageEffects":true,"showParticleSystems":true},"in2DMode":false,"pivot":{"x":-0.000044345855712890625,"y":0.965946614742279,"z":0.0},"rotation":{"x":0.09538578242063523,"y":-0.7370022535324097,"z":0.10641451925039292,"w":0.6606137752532959},"size":1.422853708267212,"orthographic":false}