{"cameraMode":{"drawMode":0,"name":"Shaded","section":"Shading Mode"},"sceneLighting":false,"audioPlay":false,"sceneViewState":{"showFog":true,"showMaterialUpdate":false,"showSkybox":false,"showFlares":true,"showImageEffects":true,"showParticleSystems":true},"in2DMode":false,"pivot":{"x":-0.0008874982595443726,"y":-0.0008957833051681519,"z":-0.01150473952293396},"rotation":{"x":0.04830855503678322,"y":-0.7204544544219971,"z":0.0504387766122818,"w":0.6899816989898682},"size":0.23450036346912385,"orthographic":false}