{"cameraMode":{"drawMode":0,"name":"Shaded","section":"Shading Mode"},"sceneLighting":false,"audioPlay":false,"sceneViewState":{"showFog":true,"showMaterialUpdate":false,"showSkybox":false,"showFlares":true,"showImageEffects":true,"showParticleSystems":true},"in2DMode":false,"pivot":{"x":-0.000044345855712890625,"y":0.8659465909004211,"z":0.0},"rotation":{"x":0.5698899626731873,"y":0.032027870416641238,"z":-0.022236481308937074,"w":0.820798933506012},"size":1.422853708267212,"orthographic":false}