{"cameraMode":{"drawMode":0,"name":"Shaded","section":"Shading Mode"},"sceneLighting":false,"audioPlay":false,"sceneViewState":{"showFog":true,"showMaterialUpdate":false,"showSkybox":false,"showFlares":true,"showImageEffects":true,"showParticleSystems":true},"in2DMode":false,"pivot":{"x":11.569999694824219,"y":1.440000057220459,"z":7.730000019073486},"rotation":{"x":0.24084824323654176,"y":-0.5964914560317993,"z":0.193969264626503,"w":0.7406530976295471},"size":1.4376022815704346,"orthographic":false}